id,douleur_courte,acheteur,workflow,connecteurs,type,fit_mcp,interface_requise,prix_plausible,occurrences
A-077,adresse retours eBay sans exposer son domicile ni payer une PO box,"auto-entrepreneur vendeur eBay/e-commerce, solo",logistique des retours e-commerce,eBay;service d'adresse virtuelle;transporteurs,generique,faible,dashboard,10-20 €/mois,1
A-078,aucune visibilité sur les colis retournés gérés par le partenaire fulfillment,"gérant de boutique e-commerce externalisant le fulfillment, TPE 1-10",reverse logistics / suivi des retours,tracking transporteurs;API 3PL/fulfillment;email,niche,faible,dashboard,30-60 €/mois,1
A-080,facturation et gestion client éclatées entre 4 outils non intégrés,"dirigeant d'agence marketing mid-size, 10-50 personnes",facturation client et suivi des encaissements,QuickBooks;HubSpot;Stripe;Bill.com,niche,moyen,mixte,100-200 €/mois,1
A-082,handoffs inter-équipes créent des goulots sans process transverse outillé,"dirigeant ou directeur des opérations d'agence créative, 20-100 personnes",production créative multi-équipes (handoffs),outils PM (Monday/Asana);Slack;outils de validation créa;DAM,niche,moyen,dashboard,100-300 €/mois,1
A-086,contrats de prestation solides sans payer un avocat à chaque client,"freelance/petite agence multi-services, 1-5 personnes",contractualisation client (contrats de prestation),bibliothèque de templates juridiques;e-signature;CRM,generique,fort,conversationnel,20-50 €/mois,1
A-087,"checklists de service non complétées, tâches de shift esquivées sans détection","gérant de restaurant indépendant, 10-30 employés",tâches d'ouverture/fermeture et accountability des shifts,planning équipe (type 7shifts/Combo);mobile;notifications,niche,faible,dashboard,30-80 €/mois,1
A-088,"suivi financier du restaurant sur spreadsheets inefficace, aucune visibilité","patron de restaurant indépendant, 1 établissement","suivi P&L, food cost et trésorerie du restaurant",caisse (POS);compta;factures fournisseurs,niche,moyen,mixte,100-200 €/mois,1
A-089,système intégré caisse + inventaire pour très petit commerce mixte,"gérant de commerce mixte épicerie-restaurant en zone rurale, moins de 10 employés",encaissement et gestion d'inventaire,POS;catalogue fournisseurs;codes-barres,niche,faible,dashboard,50-100 €/mois,1
A-091,stack restauration de 5 outils à réconcilier manuellement,"gérant de pizzeria/restaurant indépendant, 1-2 établissements",opérations quotidiennes multi-outils du restaurant,Square;Gusto;QuickBooks;MarginEdge;Uber Eats,niche,moyen,mixte,100-200 €/mois,1
A-092,saisie inventaire et comptes multi-sites déborde le manager en rush,"gérant de restaurants multi-sites, 2 établissements",saisie d'inventaire et de comptes multi-sites,POS;factures fournisseurs (OCR);compta,niche,fort,mixte,100-250 €/mois,1
A-093,"analyser ses dépenses après export bancaire, aucun outil simple",particulier FR gérant ses finances personnelles (profil r/vosfinances),analyse de budget personnel post-export bancaire,exports bancaires CSV;agrégateur bancaire (Bridge/Powens),generique,fort,conversationnel,5-10 €/mois,1
A-094,"agrégation de portefeuille multi-courtiers UE inexistante, saisie manuelle",investisseur particulier FR multi-courtiers (UE),agrégation et suivi de portefeuille multi-courtiers,exports/APIs courtiers;données de marché,generique,moyen,mixte,10-20 €/mois,1
A-095,"modéliser le cashflow multi-biens locatifs, comptable à 390 € la simulation",investisseur immobilier locatif FR multi-biens (particulier ou SCI),modélisation cashflow d'un patrimoine locatif,données bancaires;paramètres fiscaux FR;Excel,niche,fort,mixte,20-50 €/mois,1
A-096,"double saisie facturation vers Excel, compta d'auto-entrepreneur éclatée","auto-entrepreneur/freelance FR, solo",facturation et compta d'auto-entrepreneur,facturier;banque;URSSAF,generique,fort,conversationnel,10-20 €/mois,1
A-097,"soumission manuelle du SaaS aux annuaires, longue et truffée d'erreurs",founder solo de micro-SaaS,lancement produit / soumission aux annuaires,annuaires SaaS (formulaires);site produit,generique,moyen,conversationnel,50-100 € one-shot,1
A-098,veille manuelle de mots-clés Reddit pour trouver des leads,founder solo / growth marketer de micro-SaaS,prospection par social listening,Reddit API;mots-clés;CRM,generique,moyen,mixte,20-50 €/mois,1
A-100,"caviardage manuel de PDF épuisant, outils automatiques imprécis","juriste/paralegal ou responsable conformité manipulant des documents sensibles, cabinet ou PME",caviardage/anonymisation de documents avant diffusion,PDF;OCR;stockage documentaire,generique,fort,conversationnel,30-80 €/mois,1
A-101,freelances et nouveaux devinent le ton de marque et se trompent,"responsable marketing/brand de PME ou d'agence, 5-50 personnes",production de contenu conforme à la marque,brand guidelines;documents existants;CMS,generique,fort,conversationnel,20-50 €/mois,1
A-102,frais cachés VOIP doublent le forfait annoncé,gérant de TPE utilisant une ligne pro VOIP,téléphonie d'entreprise,VOIP,generique,faible,dashboard,10-15 €/mois,1
A-103,pubs sociales ne génèrent que des clics de bots,founder solo faisant de l'acquisition payante (Reddit/X/Meta),acquisition payante / protection anti-fraude au clic,Reddit Ads;Meta Ads;X Ads;analytics,generique,faible,dashboard,30-100 €/mois,1
B-010,SMS candidats via ATS exige un service tiers payant non annoncé,"dirigeant d'agence de recrutement, 2-15 consultants",communication SMS avec les candidats,ATS (Zoho Recruit);SMS/RingCentral,niche,moyen,mixte,30-80 €/mois,1
B-015,app mobile ATS trop limitée pour travailler en déplacement,"recruteur terrain en agence de recrutement, 2-15 consultants",gestion candidats en mobilité,ATS/CRM recrutement (Recruit CRM),niche,fort,conversationnel,30-60 €/mois,1
B-019,"prélèvement locataire supprimé par erreur système, re-saisie manuelle imposée","gestionnaire de biens locatifs (property manager), agence 1-10 personnes",encaissement des loyers,logiciel de gestion locative (Buildium);paiements/prélèvements;banque,niche,faible,dashboard,50-100 €/mois,1
B-029,aucune piste d'audit des emails et modifications de données clients,"gérant d'entreprise de field service, 5-20 techniciens",traçabilité des communications et modifications de données clients,FSM (Jobber);email;logs,niche,faible,dashboard,30-80 €/mois,1
B-030,coûts des jobs issus d'intégrations absents du job costing,"contractor/artisan field service, 1-10 personnes",job costing / rentabilité par chantier,FSM (Jobber);marketplaces de leads (Thumbtack);compta,niche,moyen,mixte,30-80 €/mois,1
B-037,impossible d'illustrer les ouvrages des devis BTP avec des photos,"artisan BTP FR, 1-10 personnes",chiffrage et présentation des devis BTP,logiciel devis BTP (Obat);bibliothèque d'ouvrages;photos,niche,moyen,mixte,20-50 €/mois,1
B-041,pas de règles automatiques d'affectation comptable dans le plan de base,indépendant FR tenant sa compta sur Pennylane,catégorisation comptable des transactions,Pennylane;banque,generique,fort,conversationnel,10-30 €/mois,1
B-043,encaissement de chèques plafonné puis facturé 2 € pièce,"commerçant FR encaissant beaucoup de chèques, TPE",encaissement de chèques,compte pro/banque (Tiime),niche,faible,dashboard,10-20 €/mois,1
B-045,"compta inadaptée aux PME multi-sites, pas de connecteurs ERP","dirigeant/DAF de PME multi-sites FR, 20-100 personnes",consolidation comptable multi-sites,ERP;compta;facturation électronique,generique,moyen,dashboard,100-300 €/mois,1
B-059,remboursement après erreur de l'app : un mois d'attente support,restaurateur indépendant utilisant une plateforme de réservation,gestion des réservations et incidents de paiement,plateforme de réservation (Zenchef);paiement,niche,faible,dashboard,20-50 €/mois,1
B-062,problème bloquant sans résolution support pendant plus de 2 mois,"manager de restaurant utilisant un planning RH (Combo), 10-50 salariés",planning RH restauration,planning RH (Combo),niche,faible,dashboard,30-60 €/mois,1
B-063,pas de gestion automatisée des congés payés dans le planning RH,"gérant de restaurant FR, 5-30 salariés",gestion des congés payés / préparation paie,planning RH (Combo);paie;règles CP légales FR,niche,moyen,mixte,30-80 €/mois,1
B-064,tarification non ajustée au nombre réel d'employés suivis,"gérant de restauration multi-sites, 20-100 salariés",gestion des abonnements SaaS RH,planning RH (Combo),generique,faible,dashboard,"n/a (douleur de pricing, pas de produit dédié)",1
B-076,automatisation d'inventaire incluse devenue add-on payant à 19 $/mois,"e-commerçant multi-canal, TPE 1-10",synchronisation de stock multi-canal,Veeqo;marketplaces;boutique en ligne,niche,faible,dashboard,15-30 €/mois,1
B-080,"valorisation de stock fausse, les ventes ne déduisent pas le coût","responsable ops e-commerce, PME 10-50",valorisation de stock et calcul du COGS,gestion de stock (Cin7);compta,niche,moyen,dashboard,50-150 €/mois,1
C-001,"rédaction et signature des contrats fournisseurs, plus gros goulot interne","responsable achats/ops en PME pharma, 50-250 personnes",contractualisation fournisseurs (SOW),templates juridiques;e-signature;ERP achats;email,generique,fort,mixte,100-300 €/mois,1
C-002,deux mois de procédure pour acheter un SaaS à 11 $/mois,responsable IT/achats en organisation publique,achat et approbation de SaaS (procurement public),procurement;juridique;facturation,generique,moyen,mixte,50-150 €/mois,1
C-003,aucun outil pour tracker les étapes d'onboarding d'un nouveau client,"gérant de PME d'hébergement/services managés, 5-20 personnes",onboarding client (checklist/runbook),CRM;email;runbooks internes,generique,fort,mixte,30-80 €/mois,1
C-004,instructions d'installation retapées à chaque nouveau site client,"responsable technique d'un éditeur/intégrateur logiciel, PME 10-50",provisioning/installation par client,documentation interne;accès distant;scripts,generique,moyen,conversationnel,50-150 €/mois,1
C-006,screening téléphonique répétitif des vagues saisonnières de contractors,"responsable recrutement d'une entreprise à embauches saisonnières, 50-500 personnes",préqualification téléphonique de candidats en volume,ATS;téléphonie;calendrier;formulaires,generique,fort,conversationnel,100-300 €/mois en saison,1
C-007,assemblage manuel docs + Excel + graphiques dans InDesign pour rapports,"chargé de production documentaire en cabinet d'études/conseil, 5-50 personnes",production de rapports brandés récurrents,Word/Excel;générateur de graphiques;templates PDF,generique,fort,conversationnel,50-150 €/mois,1
C-008,cotation de fret manuelle interrompt le cycle de vente,dirigeant/commercial de PME vendant de l'équipement lourd (agroalimentaire et spiritueux),cotation de fret palette intégrée au cycle de vente,APIs transporteurs/3PL;CRM;grilles tarifaires,niche,fort,conversationnel,100-300 €/mois,1
C-009,retrouver le bon précédent juridique repose sur la mémoire humaine,"avocat/associé en cabinet d'affaires, 10-100 personnes",assemblage de documents juridiques depuis des précédents,DMS;bibliothèque de templates;versioning,niche,fort,conversationnel,100-300 €/mois,1
C-010,CGU et politique de confidentialité longues et coûteuses via avocat,fondateur de startup/TPE web,rédaction des documents légaux du site,templates juridiques;générateur de documents,generique,fort,conversationnel,50-200 € one-shot,1
C-012,devis PDF self-service impossible depuis le formulaire de commande,dirigeant de PME e-commerce B2B,génération de devis B2B self-service,catalogue/formulaire de commande;PDF;CRM,generique,moyen,dashboard,30-80 €/mois,1
C-013,calcul manuel des remboursements avec étape de vérification,responsable back-office/ops d'une PME de services,calcul et validation de remboursements,billing;paiements;CRM,generique,fort,conversationnel,30-80 €/mois,1
C-016,"reporting client produit par impression, ciseaux et photocopie","gérant de société de support technique, TPE 5-20",production du reporting client,ticketing/monitoring;templates PDF;email,generique,fort,conversationnel,30-80 €/mois,1
C-017,"ouvrir un compte bancaire US depuis l'étranger, effort absurde",fondateur non-résident créant une société US,ouverture de compte bancaire US non-résident,KYC;banques US,generique,faible,mixte,100-300 € one-shot,1
C-019,coordination de l'usine entière via un seul Excel partagé,"responsable ops/production en PME industrielle, 50-250 personnes",coordination production-achats-ventes inter-services,Excel;ERP;email fournisseurs,generique,moyen,mixte,100-300 €/mois,1
C-020,"milliers de bases Access fantômes, migration sans fin","DSI/responsable data de grande entreprise (banque, 1000+ salariés)",rationalisation du shadow-IT (Access/Excel),Access;Excel;plateformes low-code,generique,faible,dashboard,500+ €/mois (deal enterprise),1
C-022,"tableurs inutilisables sur mobile, disposition à payer explicite","professionnel nomade travaillant sur tableurs (indépendants/TPE, transverse)",consultation et édition de données tabulaires en mobilité,Google Sheets;Excel;bases de données,generique,fort,conversationnel,5-15 €/mois,1
